codigo;familia;documentos;estado;implementacion;tests
EN-01-01;EN;01_PARAMETRIZACION_DE_LA_ENTIDAD.md,ANEXO_A_CATALOGO_DE_PLANTILLAS.md;PENDIENTE;;
EN-01-02;EN;01_PARAMETRIZACION_DE_LA_ENTIDAD.md,ANEXO_A_CATALOGO_DE_PLANTILLAS.md;PENDIENTE;;
EN-01-03;EN;01_PARAMETRIZACION_DE_LA_ENTIDAD.md,ANEXO_A_CATALOGO_DE_PLANTILLAS.md;PENDIENTE;;
EN-01-04;EN;01_PARAMETRIZACION_DE_LA_ENTIDAD.md;FUERA_DE_ALCANCE (ADR-028);el ejercicio se retiró: cada corte guarda su fecha y sus parámetros;
EN-01-05;EN;01_PARAMETRIZACION_DE_LA_ENTIDAD.md;PENDIENTE;;
EN-01-06;EN;01_PARAMETRIZACION_DE_LA_ENTIDAD.md;PENDIENTE;;
EN-02-01;EN;02_INVENTARIO_FISICO_Y_PLAQUETEO.md,ANEXO_A_CATALOGO_DE_PLANTILLAS.md;PENDIENTE;;
EN-02-02;EN;02_INVENTARIO_FISICO_Y_PLAQUETEO.md,ANEXO_A_CATALOGO_DE_PLANTILLAS.md;PENDIENTE;;
EN-02-03;EN;02_INVENTARIO_FISICO_Y_PLAQUETEO.md,ANEXO_A_CATALOGO_DE_PLANTILLAS.md;PENDIENTE;;
EN-02-04;EN;02_INVENTARIO_FISICO_Y_PLAQUETEO.md;PENDIENTE;;
EN-02-05;EN;02_INVENTARIO_FISICO_Y_PLAQUETEO.md;PENDIENTE;;
EN-02-06;EN;02_INVENTARIO_FISICO_Y_PLAQUETEO.md;PENDIENTE;;
EN-03-01;EN;03_HOJA_DE_VIDA_DE_BIENES.md,ANEXO_A_CATALOGO_DE_PLANTILLAS.md;PENDIENTE;;
EN-03-02;EN;03_HOJA_DE_VIDA_DE_BIENES.md;PENDIENTE;;
EN-03-03;EN;03_HOJA_DE_VIDA_DE_BIENES.md;PENDIENTE;;
EN-03-04;EN;03_HOJA_DE_VIDA_DE_BIENES.md;PENDIENTE;;
EN-03-05;EN;03_HOJA_DE_VIDA_DE_BIENES.md;PENDIENTE;;
EN-04-01;EN;04_CONCILIACION_FISICO_CONTABLE.md;FUERA_DE_ALCANCE (ADR-028);paso retirado del producto;
EN-04-02;EN;04_CONCILIACION_FISICO_CONTABLE.md,ANEXO_A_CATALOGO_DE_PLANTILLAS.md;FUERA_DE_ALCANCE (ADR-028);paso retirado del producto;
EN-04-03;EN;04_CONCILIACION_FISICO_CONTABLE.md,ANEXO_A_CATALOGO_DE_PLANTILLAS.md;FUERA_DE_ALCANCE (ADR-028);paso retirado del producto;
EN-04-04;EN;04_CONCILIACION_FISICO_CONTABLE.md;FUERA_DE_ALCANCE (ADR-028);paso retirado del producto;
EN-04-05;EN;04_CONCILIACION_FISICO_CONTABLE.md;FUERA_DE_ALCANCE (ADR-028);paso retirado del producto;
EN-04-06;EN;04_CONCILIACION_FISICO_CONTABLE.md;FUERA_DE_ALCANCE (ADR-028);paso retirado del producto;
EN-05-01;EN;05_INDICE_DE_OBSOLESCENCIA.md,ANEXO_A_CATALOGO_DE_PLANTILLAS.md;PENDIENTE;;
EN-05-02;EN;05_INDICE_DE_OBSOLESCENCIA.md;PENDIENTE;;
EN-05-03;EN;05_INDICE_DE_OBSOLESCENCIA.md;PENDIENTE;;
EN-05-04;EN;05_INDICE_DE_OBSOLESCENCIA.md;PENDIENTE;;
EN-05-05;EN;05_INDICE_DE_OBSOLESCENCIA.md,ANEXO_A_CATALOGO_DE_PLANTILLAS.md;PENDIENTE;;
EN-06-01;EN;06_DEPRECIACION_Y_DETERIORO.md,ANEXO_A_CATALOGO_DE_PLANTILLAS.md;PENDIENTE;;
EN-06-02;EN;06_DEPRECIACION_Y_DETERIORO.md;PENDIENTE;;
EN-06-03;EN;06_DEPRECIACION_Y_DETERIORO.md,ANEXO_A_CATALOGO_DE_PLANTILLAS.md;PENDIENTE;;
EN-06-04;EN;06_DEPRECIACION_Y_DETERIORO.md;PENDIENTE;;
EN-06-05;EN;06_DEPRECIACION_Y_DETERIORO.md;PENDIENTE;;
EN-06-06;EN;06_DEPRECIACION_Y_DETERIORO.md;PENDIENTE;;
EN-07-01;EN;07_VALUACION_TECNICA_DE_MUEBLES.md;FUERA_DE_ALCANCE (ADR-028);paso retirado del producto;
EN-07-02;EN;07_VALUACION_TECNICA_DE_MUEBLES.md,ANEXO_A_CATALOGO_DE_PLANTILLAS.md;FUERA_DE_ALCANCE (ADR-028);paso retirado del producto;
EN-07-03;EN;07_VALUACION_TECNICA_DE_MUEBLES.md;FUERA_DE_ALCANCE (ADR-028);paso retirado del producto;
EN-07-04;EN;07_VALUACION_TECNICA_DE_MUEBLES.md,ANEXO_A_CATALOGO_DE_PLANTILLAS.md;FUERA_DE_ALCANCE (ADR-028);paso retirado del producto;
EN-07-05;EN;07_VALUACION_TECNICA_DE_MUEBLES.md;FUERA_DE_ALCANCE (ADR-028);paso retirado del producto;
EN-07-06;EN;07_VALUACION_TECNICA_DE_MUEBLES.md;FUERA_DE_ALCANCE (ADR-028);paso retirado del producto;
EN-08-01;EN;08_VALUACION_DE_INMUEBLES.md;FUERA_DE_ALCANCE (ADR-028);paso retirado del producto;
EN-08-02;EN;08_VALUACION_DE_INMUEBLES.md;FUERA_DE_ALCANCE (ADR-028);paso retirado del producto;
EN-08-03;EN;08_VALUACION_DE_INMUEBLES.md,ANEXO_A_CATALOGO_DE_PLANTILLAS.md;FUERA_DE_ALCANCE (ADR-028);paso retirado del producto;
EN-08-04;EN;08_VALUACION_DE_INMUEBLES.md;FUERA_DE_ALCANCE (ADR-028);paso retirado del producto;
EN-08-05;EN;08_VALUACION_DE_INMUEBLES.md;FUERA_DE_ALCANCE (ADR-028);paso retirado del producto;
EN-08-06;EN;08_VALUACION_DE_INMUEBLES.md;FUERA_DE_ALCANCE (ADR-028);paso retirado del producto;
EN-09-01;EN;09_BAJA_DE_BIENES.md,ANEXO_A_CATALOGO_DE_PLANTILLAS.md;PENDIENTE;;
EN-09-02;EN;09_BAJA_DE_BIENES.md,ANEXO_A_CATALOGO_DE_PLANTILLAS.md,README.md;PENDIENTE;;
EN-09-03;EN;09_BAJA_DE_BIENES.md;PENDIENTE;;
EN-09-04;EN;09_BAJA_DE_BIENES.md;PENDIENTE;;
EN-09-05;EN;09_BAJA_DE_BIENES.md;PENDIENTE;;
EN-09-06;EN;09_BAJA_DE_BIENES.md;PENDIENTE;;
EN-09-07;EN;09_BAJA_DE_BIENES.md,ANEXO_A_CATALOGO_DE_PLANTILLAS.md;PENDIENTE;;
EN-09-08;EN;09_BAJA_DE_BIENES.md;PENDIENTE;;
EN-10-01;EN;10_CONSOLIDACION_Y_ACTOS_ADMINISTRATIVOS.md,ANEXO_A_CATALOGO_DE_PLANTILLAS.md;FUERA_DE_ALCANCE (ADR-028);paso retirado del producto;
EN-10-02;EN;10_CONSOLIDACION_Y_ACTOS_ADMINISTRATIVOS.md,ANEXO_A_CATALOGO_DE_PLANTILLAS.md;FUERA_DE_ALCANCE (ADR-028);paso retirado del producto;
EN-10-03;EN;10_CONSOLIDACION_Y_ACTOS_ADMINISTRATIVOS.md,ANEXO_A_CATALOGO_DE_PLANTILLAS.md;FUERA_DE_ALCANCE (ADR-028);paso retirado del producto;
EN-10-04;EN;10_CONSOLIDACION_Y_ACTOS_ADMINISTRATIVOS.md;FUERA_DE_ALCANCE (ADR-028);paso retirado del producto;
EN-10-05;EN;10_CONSOLIDACION_Y_ACTOS_ADMINISTRATIVOS.md;FUERA_DE_ALCANCE (ADR-028);paso retirado del producto;
EN-10-06;EN;10_CONSOLIDACION_Y_ACTOS_ADMINISTRATIVOS.md;FUERA_DE_ALCANCE (ADR-028);paso retirado del producto;
EN-10-07;EN;10_CONSOLIDACION_Y_ACTOS_ADMINISTRATIVOS.md;FUERA_DE_ALCANCE (ADR-028);paso retirado del producto;
EN-11-01;EN;11_ENTREGA_FINAL_Y_CIERRE.md,ANEXO_A_CATALOGO_DE_PLANTILLAS.md;FUERA_DE_ALCANCE (ADR-028);paso retirado del producto;
EN-11-02;EN;11_ENTREGA_FINAL_Y_CIERRE.md;FUERA_DE_ALCANCE (ADR-028);paso retirado del producto;
EN-11-03;EN;11_ENTREGA_FINAL_Y_CIERRE.md,ANEXO_A_CATALOGO_DE_PLANTILLAS.md;FUERA_DE_ALCANCE (ADR-028);paso retirado del producto;
EN-11-04;EN;11_ENTREGA_FINAL_Y_CIERRE.md;FUERA_DE_ALCANCE (ADR-028);paso retirado del producto;
EN-11-05;EN;11_ENTREGA_FINAL_Y_CIERRE.md,ANEXO_A_CATALOGO_DE_PLANTILLAS.md;FUERA_DE_ALCANCE (ADR-028);paso retirado del producto;
EN-11-06;EN;11_ENTREGA_FINAL_Y_CIERRE.md;FUERA_DE_ALCANCE (ADR-028);paso retirado del producto;
EN-11-07;EN;11_ENTREGA_FINAL_Y_CIERRE.md,ANEXO_A_CATALOGO_DE_PLANTILLAS.md;FUERA_DE_ALCANCE (ADR-028);paso retirado del producto;
EN-11-08;EN;11_ENTREGA_FINAL_Y_CIERRE.md;FUERA_DE_ALCANCE (ADR-028);paso retirado del producto;
EN-11-09;EN;11_ENTREGA_FINAL_Y_CIERRE.md;FUERA_DE_ALCANCE (ADR-028);paso retirado del producto;
EN-G-01;EN-G;00_MARCO_GENERAL.md;PENDIENTE;;
EN-G-02;EN-G;00_MARCO_GENERAL.md;PENDIENTE;;
EN-G-03;EN-G;00_MARCO_GENERAL.md;PENDIENTE;;
EN-G-04;EN-G;00_MARCO_GENERAL.md;PENDIENTE;;
EN-G-05;EN-G;00_MARCO_GENERAL.md;PENDIENTE;;
EN-G-06;EN-G;00_MARCO_GENERAL.md;PENDIENTE;;
EN-G-07;EN-G;00_MARCO_GENERAL.md;PENDIENTE;;
EN-G-08;EN-G;00_MARCO_GENERAL.md;PENDIENTE;;
EN-G-09;EN-G;00_MARCO_GENERAL.md;PENDIENTE;;
EN-G-10;EN-G;00_MARCO_GENERAL.md;PENDIENTE;;
EN-G-11;EN-G;00_MARCO_GENERAL.md;PENDIENTE;;
INT-01;INT;ANEXO_B_DICCIONARIO_DE_DATOS.md;PENDIENTE;;
INT-02;INT;ANEXO_B_DICCIONARIO_DE_DATOS.md;PENDIENTE;;
INT-03;INT;ANEXO_B_DICCIONARIO_DE_DATOS.md;IMPLEMENTADO;trigger trg_int03_bien_delete (salvo el proceso de demostración) · proceso:eliminar se niega con inventario;integridad.test.ts · configuracion.test.ts
INT-04;INT;ANEXO_B_DICCIONARIO_DE_DATOS.md;PENDIENTE;;
INT-05;INT;ANEXO_B_DICCIONARIO_DE_DATOS.md;PENDIENTE;;
INT-06;INT;ANEXO_B_DICCIONARIO_DE_DATOS.md;PENDIENTE;;
INT-07;INT;ANEXO_B_DICCIONARIO_DE_DATOS.md;PENDIENTE;;
INT-08;INT;ANEXO_B_DICCIONARIO_DE_DATOS.md;PENDIENTE;;
INT-09;INT;ANEXO_B_DICCIONARIO_DE_DATOS.md;PENDIENTE;;
INT-10;INT;ANEXO_B_DICCIONARIO_DE_DATOS.md;PENDIENTE;;
RF-01-01;RF;01_PARAMETRIZACION_DE_LA_ENTIDAD.md;IMPLEMENTADO;src/main/modules/configuracion/casos-uso/{procesos,sedesServicios,clases}.ts;configuracion.test.ts · configuracion.spec.ts
RF-01-02;RF;01_PARAMETRIZACION_DE_LA_ENTIDAD.md;IMPLEMENTADO;modules/configuracion/importacion/*.ts + modules/documental (descarga de PL-01/02/02b) · renderer/features/plantillas;importacion.test.ts · plantillas.test.ts · formatos.spec.ts
RF-01-03;RF;01_PARAMETRIZACION_DE_LA_ENTIDAD.md;IMPLEMENTADO;casos-uso/procesos.ts precargarClasesSugeridas · recursos/semillas/clases_sugeridas.json;configuracion.test.ts
RF-01-04;RF;01_PARAMETRIZACION_DE_LA_ENTIDAD.md;IMPLEMENTADO;casos-uso/convencion.ts · compartido/reglas/codigoInstitucional.ts · paginas/ParametrosCalculo.tsx;codigoInstitucional.test.ts · configuracion.test.ts
RF-01-05;RF;01_PARAMETRIZACION_DE_LA_ENTIDAD.md;IMPLEMENTADO;ADR-028: calculo:ejecutar crea un corte con su fecha y copia de parámetros (modules/calculo/casos-uso/calcularCorte.ts);calculo.test.ts
RF-01-06;RF;01_PARAMETRIZACION_DE_LA_ENTIDAD.md;PARCIAL;revisión de la configuración (modules/validaciones · val-01.ts); ya no hay pasos que bloquear (ADR-028)
RF-01-07;RF;01_PARAMETRIZACION_DE_LA_ENTIDAD.md;PENDIENTE;;
RF-01-08;RF;01_PARAMETRIZACION_DE_LA_ENTIDAD.md;IMPLEMENTADO;infraestructura/bitacora/registrador.ts · casos-uso/parametros.ts;configuracion.test.ts · registrador.test.ts
RF-01-09;RF;01_PARAMETRIZACION_DE_LA_ENTIDAD.md;FUERA_DE_ALCANCE (ADR-029);los procesos son independientes: cada uno se configura e importa de cero;
RF-02-01;RF;02_INVENTARIO_FISICO_Y_PLAQUETEO.md;NO_IMPLEMENTADO (ADR-015: sin captura en campo);;
RF-02-02;RF;02_INVENTARIO_FISICO_Y_PLAQUETEO.md;NO_IMPLEMENTADO (ADR-015: sin captura en campo);;
RF-02-03;RF;02_INVENTARIO_FISICO_Y_PLAQUETEO.md,README.md;PENDIENTE;;
RF-02-04;RF;02_INVENTARIO_FISICO_Y_PLAQUETEO.md;PENDIENTE;;
RF-02-05;RF;02_INVENTARIO_FISICO_Y_PLAQUETEO.md;PENDIENTE;;
RF-02-06;RF;02_INVENTARIO_FISICO_Y_PLAQUETEO.md;PENDIENTE;;
RF-02-07;RF;02_INVENTARIO_FISICO_Y_PLAQUETEO.md;IMPLEMENTADO;modules/inventario/importacion (plantillaPl03 + importarPl03): cada importación es un barrido que agrega, actualiza y marca NO_ENCONTRADO;importarInventario.test.ts
RF-02-08;RF;02_INVENTARIO_FISICO_Y_PLAQUETEO.md;IMPLEMENTADO;bien.repo.ts cobertura (bienes y última toma por servicio) · renderer/features/inventario/paginas/Barridos;listado.test.ts
RF-02-09;RF;02_INVENTARIO_FISICO_Y_PLAQUETEO.md;PENDIENTE;;
RF-02-10;RF;02_INVENTARIO_FISICO_Y_PLAQUETEO.md;PENDIENTE;;
RF-03-01;RF;03_HOJA_DE_VIDA_DE_BIENES.md;PENDIENTE;;
RF-03-02;RF;03_HOJA_DE_VIDA_DE_BIENES.md;PENDIENTE;;
RF-03-03;RF;03_HOJA_DE_VIDA_DE_BIENES.md;IMPLEMENTADO;modules/hojas-vida/importacion (plantillaPl05 + importarPl05) · repositorio/hojaVida.repo;importarInventario.test.ts
RF-03-04;RF;03_HOJA_DE_VIDA_DE_BIENES.md;IMPLEMENTADO;sin fecha o costo el bien queda fuera de la depreciación con su motivo en calculo_exclusion;calculo.test.ts
RF-03-05;RF;03_HOJA_DE_VIDA_DE_BIENES.md;PENDIENTE;;
RF-03-06;RF;03_HOJA_DE_VIDA_DE_BIENES.md;PENDIENTE;;
RF-03-07;RF;03_HOJA_DE_VIDA_DE_BIENES.md;IMPLEMENTADO;importarPl05 hoja MANTENIMIENTOS (sin duplicar al reimportar);importarInventario.test.ts
RF-03-08;RF;03_HOJA_DE_VIDA_DE_BIENES.md;PARCIAL;importarPl05 exige justificacion_override (RN-03-06); falta la edición desde la ficha del bien
RF-04-01;RF;04_CONCILIACION_FISICO_CONTABLE.md;FUERA_DE_ALCANCE (ADR-028);paso retirado del producto;
RF-04-02;RF;04_CONCILIACION_FISICO_CONTABLE.md;FUERA_DE_ALCANCE (ADR-028);paso retirado del producto;
RF-04-03;RF;04_CONCILIACION_FISICO_CONTABLE.md;FUERA_DE_ALCANCE (ADR-028);paso retirado del producto;
RF-04-04;RF;04_CONCILIACION_FISICO_CONTABLE.md;FUERA_DE_ALCANCE (ADR-028);paso retirado del producto;
RF-04-05;RF;04_CONCILIACION_FISICO_CONTABLE.md;FUERA_DE_ALCANCE (ADR-028);paso retirado del producto;
RF-04-06;RF;04_CONCILIACION_FISICO_CONTABLE.md;FUERA_DE_ALCANCE (ADR-028);paso retirado del producto;
RF-04-07;RF;04_CONCILIACION_FISICO_CONTABLE.md;FUERA_DE_ALCANCE (ADR-028);paso retirado del producto;
RF-04-08;RF;04_CONCILIACION_FISICO_CONTABLE.md;FUERA_DE_ALCANCE (ADR-028);paso retirado del producto;
RF-05-01;RF;05_INDICE_DE_OBSOLESCENCIA.md;IMPLEMENTADO;modules/calculo/casos-uso/calcularCorte — una sola operación por corte;calculo.test.ts
RF-05-02;RF;05_INDICE_DE_OBSOLESCENCIA.md;IMPLEMENTADO;motor/obsolescencia.clasificarSemaforo con los 3 umbrales del paso 01 (CT-04, CT-20); tarjetas en features/calculo/paginas/Calcular
RF-05-03;RF;05_INDICE_DE_OBSOLESCENCIA.md;IMPLEMENTADO;canal bien:marcarObsolescenciaFuncional con justificación obligatoria; vale para los cortes siguientes
RF-05-04;RF;05_INDICE_DE_OBSOLESCENCIA.md;PARCIAL;filtro soloCandidatosBaja en calculo:listar; falta el envío al paso 09 (etapa 5)
RF-05-05;RF;05_INDICE_DE_OBSOLESCENCIA.md;PARCIAL;calculo:resumen avisa si el inventario cambió después del corte (inventarioCambio);calculo.test.ts
RF-05-06;RF;05_INDICE_DE_OBSOLESCENCIA.md;PENDIENTE;;
RF-05-07;RF;05_INDICE_DE_OBSOLESCENCIA.md;PARCIAL;el informe de valuación incluye el estado de la vida útil; falta la exportación de PL-08
RF-05-08;RF;05_INDICE_DE_OBSOLESCENCIA.md;PARCIAL;corte.creado_en registra cuándo se calculó; sin responsable (ADR-016, ADR-028)
RF-06-01;RF;06_DEPRECIACION_Y_DETERIORO.md;IMPLEMENTADO;src/compartido/motor (obsolescencia, depreciacion, deterioro, candidatoBaja) + modules/calculo — método de conteo configurable y persistido por fila;compartido/motor/calculo.test.ts · modules/calculo/calculo.test.ts
RF-06-02;RF;06_DEPRECIACION_Y_DETERIORO.md;IMPLEMENTADO;calcularCorte guarda las exclusiones con su motivo en calculo_exclusion;calculo.test.ts
RF-06-03;RF;06_DEPRECIACION_Y_DETERIORO.md;IMPLEMENTADO;motor/depreciacion aplica el tope en la base depreciable + CHECK chk_dep_tope;compartido/motor/calculo.test.ts
RF-06-04;RF;06_DEPRECIACION_Y_DETERIORO.md;PENDIENTE;;
RF-06-05;RF;06_DEPRECIACION_Y_DETERIORO.md;PENDIENTE;;
RF-06-06;RF;06_DEPRECIACION_Y_DETERIORO.md;PENDIENTE;;
RF-06-07;RF;06_DEPRECIACION_Y_DETERIORO.md;PENDIENTE;;
RF-06-08;RF;06_DEPRECIACION_Y_DETERIORO.md;IMPLEMENTADO;metodo_conteo_aplicado se persiste por fila y se muestra en la pantalla de cálculo;modules/calculo/calculo.test.ts · calculo.spec.ts
RF-06-09;RF;06_DEPRECIACION_Y_DETERIORO.md;PENDIENTE;;
RF-07-01;RF;07_VALUACION_TECNICA_DE_MUEBLES.md;FUERA_DE_ALCANCE (ADR-028);paso retirado del producto;
RF-07-02;RF;07_VALUACION_TECNICA_DE_MUEBLES.md;FUERA_DE_ALCANCE (ADR-028);paso retirado del producto;
RF-07-03;RF;07_VALUACION_TECNICA_DE_MUEBLES.md;FUERA_DE_ALCANCE (ADR-028);paso retirado del producto;
RF-07-04;RF;07_VALUACION_TECNICA_DE_MUEBLES.md;FUERA_DE_ALCANCE (ADR-028);paso retirado del producto;
RF-07-05;RF;07_VALUACION_TECNICA_DE_MUEBLES.md,ANEXO_B_DICCIONARIO_DE_DATOS.md;FUERA_DE_ALCANCE (ADR-028);paso retirado del producto;
RF-07-06;RF;07_VALUACION_TECNICA_DE_MUEBLES.md;FUERA_DE_ALCANCE (ADR-028);paso retirado del producto;
RF-07-07;RF;07_VALUACION_TECNICA_DE_MUEBLES.md;FUERA_DE_ALCANCE (ADR-028);paso retirado del producto;
RF-07-08;RF;07_VALUACION_TECNICA_DE_MUEBLES.md;FUERA_DE_ALCANCE (ADR-028);paso retirado del producto;
RF-07-09;RF;07_VALUACION_TECNICA_DE_MUEBLES.md;FUERA_DE_ALCANCE (ADR-028);paso retirado del producto;
RF-07-10;RF;07_VALUACION_TECNICA_DE_MUEBLES.md;FUERA_DE_ALCANCE (ADR-028);paso retirado del producto;
RF-08-01;RF;08_VALUACION_DE_INMUEBLES.md;FUERA_DE_ALCANCE (ADR-028);paso retirado del producto;
RF-08-02;RF;08_VALUACION_DE_INMUEBLES.md;FUERA_DE_ALCANCE (ADR-028);paso retirado del producto;
RF-08-03;RF;08_VALUACION_DE_INMUEBLES.md;FUERA_DE_ALCANCE (ADR-028);paso retirado del producto;
RF-08-04;RF;08_VALUACION_DE_INMUEBLES.md;FUERA_DE_ALCANCE (ADR-028);paso retirado del producto;
RF-08-05;RF;08_VALUACION_DE_INMUEBLES.md;FUERA_DE_ALCANCE (ADR-028);paso retirado del producto;
RF-08-06;RF;08_VALUACION_DE_INMUEBLES.md;FUERA_DE_ALCANCE (ADR-028);paso retirado del producto;
RF-08-07;RF;08_VALUACION_DE_INMUEBLES.md;FUERA_DE_ALCANCE (ADR-028);paso retirado del producto;
RF-08-08;RF;08_VALUACION_DE_INMUEBLES.md;FUERA_DE_ALCANCE (ADR-028);paso retirado del producto;
RF-08-09;RF;08_VALUACION_DE_INMUEBLES.md;FUERA_DE_ALCANCE (ADR-028);paso retirado del producto;
RF-08-10;RF;08_VALUACION_DE_INMUEBLES.md;FUERA_DE_ALCANCE (ADR-028);paso retirado del producto;
RF-09-01;RF;09_BAJA_DE_BIENES.md;IMPLEMENTADO;baja:candidatos de un corte, con los motivos guardados en calculo_obsolescencia.motivos_baja;bajas.test.ts
RF-09-02;RF;09_BAJA_DE_BIENES.md;IMPLEMENTADO;baja:registrar con causal y justificación individual obligatoria (RN-09-06);bajas.test.ts
RF-09-03;RF;09_BAJA_DE_BIENES.md;PARCIAL;motor/baja.evaluarReparacion se conserva; la app ya no pide cotización (ADR-028)
RF-09-04;RF;09_BAJA_DE_BIENES.md;FUERA_DE_ALCANCE (ADR-028);el trámite del Comité ocurre fuera de la aplicación;
RF-09-05;RF;09_BAJA_DE_BIENES.md;PENDIENTE;;
RF-09-06;RF;09_BAJA_DE_BIENES.md;PENDIENTE;;
RF-09-07;RF;09_BAJA_DE_BIENES.md;FUERA_DE_ALCANCE (ADR-028);motor/baja.calcularEfectoContableBaja se conserva sin uso;baja.test.ts
RF-09-08;RF;09_BAJA_DE_BIENES.md;PENDIENTE;;
RF-09-09;RF;09_BAJA_DE_BIENES.md;PENDIENTE;;
RF-09-10;RF;09_BAJA_DE_BIENES.md;FUERA_DE_ALCANCE (ADR-028);la app no ejecuta bajas: registra las decididas (ADR-028);
RF-09-11;RF;09_BAJA_DE_BIENES.md;PENDIENTE;;
RF-10-01;RF;10_CONSOLIDACION_Y_ACTOS_ADMINISTRATIVOS.md;FUERA_DE_ALCANCE (ADR-028);paso retirado del producto;
RF-10-02;RF;10_CONSOLIDACION_Y_ACTOS_ADMINISTRATIVOS.md;FUERA_DE_ALCANCE (ADR-028);paso retirado del producto;
RF-10-03;RF;10_CONSOLIDACION_Y_ACTOS_ADMINISTRATIVOS.md;FUERA_DE_ALCANCE (ADR-028);paso retirado del producto;
RF-10-04;RF;10_CONSOLIDACION_Y_ACTOS_ADMINISTRATIVOS.md;FUERA_DE_ALCANCE (ADR-028);paso retirado del producto;
RF-10-05;RF;10_CONSOLIDACION_Y_ACTOS_ADMINISTRATIVOS.md;FUERA_DE_ALCANCE (ADR-028);paso retirado del producto;
RF-10-06;RF;10_CONSOLIDACION_Y_ACTOS_ADMINISTRATIVOS.md;FUERA_DE_ALCANCE (ADR-028);paso retirado del producto;
RF-10-07;RF;10_CONSOLIDACION_Y_ACTOS_ADMINISTRATIVOS.md;FUERA_DE_ALCANCE (ADR-028);paso retirado del producto;
RF-10-08;RF;10_CONSOLIDACION_Y_ACTOS_ADMINISTRATIVOS.md;FUERA_DE_ALCANCE (ADR-028);paso retirado del producto;
RF-10-09;RF;10_CONSOLIDACION_Y_ACTOS_ADMINISTRATIVOS.md;FUERA_DE_ALCANCE (ADR-028);paso retirado del producto;
RF-10-10;RF;10_CONSOLIDACION_Y_ACTOS_ADMINISTRATIVOS.md;FUERA_DE_ALCANCE (ADR-028);paso retirado del producto;
RF-11-01;RF;11_ENTREGA_FINAL_Y_CIERRE.md;FUERA_DE_ALCANCE (ADR-028);paso retirado del producto;
RF-11-02;RF;11_ENTREGA_FINAL_Y_CIERRE.md;FUERA_DE_ALCANCE (ADR-028);paso retirado del producto;
RF-11-03;RF;11_ENTREGA_FINAL_Y_CIERRE.md;FUERA_DE_ALCANCE (ADR-028);paso retirado del producto;
RF-11-04;RF;11_ENTREGA_FINAL_Y_CIERRE.md;FUERA_DE_ALCANCE (ADR-028);paso retirado del producto;
RF-11-05;RF;11_ENTREGA_FINAL_Y_CIERRE.md;FUERA_DE_ALCANCE (ADR-028);paso retirado del producto;
RF-11-06;RF;11_ENTREGA_FINAL_Y_CIERRE.md;FUERA_DE_ALCANCE (ADR-028);paso retirado del producto;
RF-11-07;RF;11_ENTREGA_FINAL_Y_CIERRE.md;FUERA_DE_ALCANCE (ADR-028);paso retirado del producto;
RF-11-08;RF;11_ENTREGA_FINAL_Y_CIERRE.md;FUERA_DE_ALCANCE (ADR-028);paso retirado del producto;
RF-11-09;RF;11_ENTREGA_FINAL_Y_CIERRE.md;FUERA_DE_ALCANCE (ADR-028);paso retirado del producto;
RN-01-01;RN;01_PARAMETRIZACION_DE_LA_ENTIDAD.md;IMPLEMENTADO;corte.parametros_json: cada corte guarda la copia de los parámetros con que se calculó;calculo.test.ts
RN-01-02;RN;01_PARAMETRIZACION_DE_LA_ENTIDAD.md;PARCIAL;compartido/reglas/codigoInstitucional.ts (composición); el siguiente consecutivo llega con T-C-03
RN-01-03;RN;01_PARAMETRIZACION_DE_LA_ENTIDAD.md;IMPLEMENTADO;esquema/configuracion.ts claseActivo · casos-uso/clases.ts;configuracion.test.ts
RN-01-04;RN;01_PARAMETRIZACION_DE_LA_ENTIDAD.md;IMPLEMENTADO;compartido/parametros/parametrosCalculo.ts;parametrosCalculo.test.ts
RN-01-05;RN;01_PARAMETRIZACION_DE_LA_ENTIDAD.md;IMPLEMENTADO;parametrosCalculo.ts validarUmbrales;parametrosCalculo.test.ts · configuracion.test.ts
RN-01-06;RN;01_PARAMETRIZACION_DE_LA_ENTIDAD.md;FUERA_DE_ALCANCE (ADR-028);cada corte tiene su propia fecha; no hay una fecha de corte única que cambiar
RN-02-01;RN;02_INVENTARIO_FISICO_Y_PLAQUETEO.md;IMPLEMENTADO;ux_bien_codigo/ux_bien_placa + comprobación previa en importarPl03;importarInventario.test.ts
RN-02-02;RN;02_INVENTARIO_FISICO_Y_PLAQUETEO.md;PENDIENTE;;
RN-02-03;RN;02_INVENTARIO_FISICO_Y_PLAQUETEO.md;PENDIENTE;;
RN-02-04;RN;02_INVENTARIO_FISICO_Y_PLAQUETEO.md;PENDIENTE;;
RN-02-05;RN;02_INVENTARIO_FISICO_Y_PLAQUETEO.md;IMPLEMENTADO;importarPl03: serie repetida es ADVERTENCIA, nunca bloquea;importarInventario.test.ts
RN-02-06;RN;02_INVENTARIO_FISICO_Y_PLAQUETEO.md;PENDIENTE;;
RN-03-01;RN;03_HOJA_DE_VIDA_DE_BIENES.md,ANEXO_B_DICCIONARIO_DE_DATOS.md;IMPLEMENTADO;sin fecha o costo el bien queda fuera de la depreciación con su motivo en calculo_exclusion;calculo.test.ts
RN-03-02;RN;03_HOJA_DE_VIDA_DE_BIENES.md,ANEXO_A_CATALOGO_DE_PLANTILLAS.md;IMPLEMENTADO;importarPl05: costo 0 → nulo, salvo DONACION (que exige acta);importarInventario.test.ts
RN-03-03;RN;03_HOJA_DE_VIDA_DE_BIENES.md;PENDIENTE;;
RN-03-04;RN;03_HOJA_DE_VIDA_DE_BIENES.md;IMPLEMENTADO;importarPl05 hoja SIN_SOPORTE → soporte_documental AVALUO_RECONOCIMIENTO_INICIAL con SHA-256 del libro;importarInventario.test.ts
RN-03-05;RN;03_HOJA_DE_VIDA_DE_BIENES.md;PENDIENTE;;
RN-03-06;RN;03_HOJA_DE_VIDA_DE_BIENES.md;IMPLEMENTADO;importarPl05 rechaza el override sin justificación;importarInventario.test.ts
RN-04-01;RN;04_CONCILIACION_FISICO_CONTABLE.md;FUERA_DE_ALCANCE (ADR-028);paso retirado del producto;
RN-04-02;RN;04_CONCILIACION_FISICO_CONTABLE.md;FUERA_DE_ALCANCE (ADR-028);paso retirado del producto;
RN-04-03;RN;04_CONCILIACION_FISICO_CONTABLE.md;FUERA_DE_ALCANCE (ADR-028);paso retirado del producto;
RN-04-04;RN;04_CONCILIACION_FISICO_CONTABLE.md;FUERA_DE_ALCANCE (ADR-028);paso retirado del producto;
RN-04-05;RN;04_CONCILIACION_FISICO_CONTABLE.md;FUERA_DE_ALCANCE (ADR-028);paso retirado del producto;
RN-04-06;RN;04_CONCILIACION_FISICO_CONTABLE.md;FUERA_DE_ALCANCE (ADR-028);paso retirado del producto;
RN-05-01;RN;05_INDICE_DE_OBSOLESCENCIA.md;IMPLEMENTADO;motor/obsolescencia.calcularObsolescencia (ANEXO_C §2.1);compartido/motor/calculo.test.ts
RN-05-02;RN;05_INDICE_DE_OBSOLESCENCIA.md;IMPLEMENTADO;el índice no se trunca en 1; caso 3 de ANEXO_C §11 probado
RN-05-03;RN;05_INDICE_DE_OBSOLESCENCIA.md;IMPLEMENTADO;obsolescencia_funcional es juicio humano: el motor no la toca al recalcular;modules/calculo/calculo.test.ts
RN-05-04;RN;05_INDICE_DE_OBSOLESCENCIA.md;IMPLEMENTADO;motor/candidatoBaja.esCandidatoBaja, con los motivos acumulados;compartido/motor/calculo.test.ts
RN-05-05;RN;05_INDICE_DE_OBSOLESCENCIA.md;IMPLEMENTADO;vida útil nula o cero → NO_CALCULABLE, nunca división por cero;compartido/motor/calculo.test.ts
RN-05-06;RN;05_INDICE_DE_OBSOLESCENCIA.md;PENDIENTE;;
RN-05-07;RN;05_INDICE_DE_OBSOLESCENCIA.md;IMPLEMENTADO;adquisición posterior al corte → ERROR_DATOS, no una edad negativa;compartido/motor/calculo.test.ts
RN-06-01;RN;06_DEPRECIACION_Y_DETERIORO.md,README.md;IMPLEMENTADO;motor/depreciacion (ANEXO_C §3.1), centavos y decimal.js;compartido/motor/calculo.test.ts
RN-06-02;RN;06_DEPRECIACION_Y_DETERIORO.md;IMPLEMENTADO;motor/depreciacion.fechaInicioDepreciacion (ANEXO_C §3.2);compartido/motor/calculo.test.ts
RN-06-03;RN;06_DEPRECIACION_Y_DETERIORO.md;IMPLEMENTADO;tope: depreciación acumulada ≤ base depreciable;compartido/motor/calculo.test.ts
RN-06-04;RN;06_DEPRECIACION_Y_DETERIORO.md;IMPLEMENTADO;los 3 métodos en motor/fechas.contarMeses; calcularEjercicio exige el acta (VAL-01-07)
RN-06-05;RN;06_DEPRECIACION_Y_DETERIORO.md;IMPLEMENTADO;sin costo o sin fecha → NO_CALCULABLE y excluido de los totales;compartido/motor/calculo.test.ts · modules/calculo/calculo.test.ts
RN-06-06;RN;06_DEPRECIACION_Y_DETERIORO.md;PENDIENTE;;
RN-06-07;RN;06_DEPRECIACION_Y_DETERIORO.md;IMPLEMENTADO;clase no depreciable → NO_APLICA (no un cero); sigue en la consolidación
RN-06-08;RN;06_DEPRECIACION_Y_DETERIORO.md;IMPLEMENTADO;RED-01…RED-06 en motor/dinero; redondeo solo al persistir
RN-07-01;RN;07_VALUACION_TECNICA_DE_MUEBLES.md;FUERA_DE_ALCANCE (ADR-028);paso retirado del producto;
RN-07-02;RN;07_VALUACION_TECNICA_DE_MUEBLES.md;FUERA_DE_ALCANCE (ADR-028);paso retirado del producto;
RN-07-03;RN;07_VALUACION_TECNICA_DE_MUEBLES.md;FUERA_DE_ALCANCE (ADR-028);paso retirado del producto;
RN-07-04;RN;07_VALUACION_TECNICA_DE_MUEBLES.md;FUERA_DE_ALCANCE (ADR-028);paso retirado del producto;
RN-07-05;RN;07_VALUACION_TECNICA_DE_MUEBLES.md;FUERA_DE_ALCANCE (ADR-028);paso retirado del producto;
RN-07-06;RN;07_VALUACION_TECNICA_DE_MUEBLES.md;FUERA_DE_ALCANCE (ADR-028);paso retirado del producto;
RN-07-07;RN;07_VALUACION_TECNICA_DE_MUEBLES.md;FUERA_DE_ALCANCE (ADR-028);paso retirado del producto;
RN-07-08;RN;07_VALUACION_TECNICA_DE_MUEBLES.md;FUERA_DE_ALCANCE (ADR-028);paso retirado del producto;
RN-07-09;RN;07_VALUACION_TECNICA_DE_MUEBLES.md;FUERA_DE_ALCANCE (ADR-028);paso retirado del producto;
RN-08-01;RN;08_VALUACION_DE_INMUEBLES.md,ANEXO_D_MARCO_NORMATIVO.md;FUERA_DE_ALCANCE (ADR-028);paso retirado del producto;
RN-08-02;RN;08_VALUACION_DE_INMUEBLES.md,ANEXO_D_MARCO_NORMATIVO.md;FUERA_DE_ALCANCE (ADR-028);paso retirado del producto;
RN-08-03;RN;08_VALUACION_DE_INMUEBLES.md;FUERA_DE_ALCANCE (ADR-028);paso retirado del producto;
RN-08-04;RN;08_VALUACION_DE_INMUEBLES.md;FUERA_DE_ALCANCE (ADR-028);paso retirado del producto;
RN-08-05;RN;08_VALUACION_DE_INMUEBLES.md,ANEXO_D_MARCO_NORMATIVO.md;FUERA_DE_ALCANCE (ADR-028);paso retirado del producto;
RN-08-06;RN;08_VALUACION_DE_INMUEBLES.md;FUERA_DE_ALCANCE (ADR-028);paso retirado del producto;
RN-08-07;RN;08_VALUACION_DE_INMUEBLES.md;FUERA_DE_ALCANCE (ADR-028);paso retirado del producto;
RN-08-08;RN;08_VALUACION_DE_INMUEBLES.md;FUERA_DE_ALCANCE (ADR-028);paso retirado del producto;
RN-09-01;RN;09_BAJA_DE_BIENES.md;IMPLEMENTADO;catálogo CAUSAL_BAJA + causal sugerida según estado e índice;bajas.test.ts
RN-09-02;RN;09_BAJA_DE_BIENES.md;PENDIENTE;;
RN-09-03;RN;09_BAJA_DE_BIENES.md;PARCIAL;motor/baja.evaluarReparacion se conserva; la app ya no pide cotización (ADR-028)
RN-09-04;RN;09_BAJA_DE_BIENES.md,ANEXO_B_DICCIONARIO_DE_DATOS.md;IMPLEMENTADO;la app registra lo que el hospital decidió; no aprueba ni tramita (ADR-028)
RN-09-05;RN;09_BAJA_DE_BIENES.md;PARCIAL;motor/baja.calcularEfectoContableBaja se conserva sin uso en la app;baja.test.ts
RN-09-06;RN;09_BAJA_DE_BIENES.md;IMPLEMENTADO;se rechaza la justificación genérica y la de menos de 20 caracteres;bajas.test.ts
RN-09-07;RN;09_BAJA_DE_BIENES.md;PENDIENTE;;
RN-09-08;RN;09_BAJA_DE_BIENES.md;PENDIENTE;;
RN-09-09;RN;09_BAJA_DE_BIENES.md,ANEXO_B_DICCIONARIO_DE_DATOS.md;IMPLEMENTADO;el bien nunca se elimina: la baja se registra y se anula, no se borra (trigger trg_baja_inmutable);bajas.test.ts · integridad.test.ts
RN-10-01;RN;10_CONSOLIDACION_Y_ACTOS_ADMINISTRATIVOS.md;FUERA_DE_ALCANCE (ADR-028);paso retirado del producto;
RN-10-02;RN;10_CONSOLIDACION_Y_ACTOS_ADMINISTRATIVOS.md;FUERA_DE_ALCANCE (ADR-028);paso retirado del producto;
RN-10-03;RN;10_CONSOLIDACION_Y_ACTOS_ADMINISTRATIVOS.md;FUERA_DE_ALCANCE (ADR-028);paso retirado del producto;
RN-10-04;RN;10_CONSOLIDACION_Y_ACTOS_ADMINISTRATIVOS.md;FUERA_DE_ALCANCE (ADR-028);paso retirado del producto;
RN-10-05;RN;10_CONSOLIDACION_Y_ACTOS_ADMINISTRATIVOS.md;FUERA_DE_ALCANCE (ADR-028);paso retirado del producto;
RN-10-06;RN;10_CONSOLIDACION_Y_ACTOS_ADMINISTRATIVOS.md;FUERA_DE_ALCANCE (ADR-028);paso retirado del producto;
RN-10-07;RN;10_CONSOLIDACION_Y_ACTOS_ADMINISTRATIVOS.md;FUERA_DE_ALCANCE (ADR-028);paso retirado del producto;
RN-10-08;RN;10_CONSOLIDACION_Y_ACTOS_ADMINISTRATIVOS.md;FUERA_DE_ALCANCE (ADR-028);paso retirado del producto;
RN-11-01;RN;11_ENTREGA_FINAL_Y_CIERRE.md;FUERA_DE_ALCANCE (ADR-028);paso retirado del producto;
RN-11-02;RN;11_ENTREGA_FINAL_Y_CIERRE.md;FUERA_DE_ALCANCE (ADR-028);paso retirado del producto;
RN-11-03;RN;11_ENTREGA_FINAL_Y_CIERRE.md;FUERA_DE_ALCANCE (ADR-028);paso retirado del producto;
RN-11-04;RN;11_ENTREGA_FINAL_Y_CIERRE.md;FUERA_DE_ALCANCE (ADR-028);paso retirado del producto;
RN-11-05;RN;11_ENTREGA_FINAL_Y_CIERRE.md;FUERA_DE_ALCANCE (ADR-028);paso retirado del producto;
RN-11-06;RN;11_ENTREGA_FINAL_Y_CIERRE.md;FUERA_DE_ALCANCE (ADR-028);paso retirado del producto;
VAL-01-01;VAL;01_PARAMETRIZACION_DE_LA_ENTIDAD.md;IMPLEMENTADO;validaciones/val-01.ts;configuracion.test.ts
VAL-01-02;VAL;01_PARAMETRIZACION_DE_LA_ENTIDAD.md;IMPLEMENTADO;validaciones/val-01.ts;configuracion.test.ts
VAL-01-03;VAL;01_PARAMETRIZACION_DE_LA_ENTIDAD.md;IMPLEMENTADO;validaciones/val-01.ts;configuracion.test.ts
VAL-01-04;VAL;01_PARAMETRIZACION_DE_LA_ENTIDAD.md;IMPLEMENTADO;validaciones/val-01.ts;configuracion.test.ts
VAL-01-05;VAL;01_PARAMETRIZACION_DE_LA_ENTIDAD.md;IMPLEMENTADO;validaciones/val-01.ts;configuracion.test.ts
VAL-01-06;VAL;01_PARAMETRIZACION_DE_LA_ENTIDAD.md;FUERA_DE_ALCANCE (ADR-028);depende del ejercicio, retirado;
VAL-01-07;VAL;01_PARAMETRIZACION_DE_LA_ENTIDAD.md;FUERA_DE_ALCANCE (ADR-028);la confirmación por acta del método se retiró: el informe declara el método aplicado;
VAL-01-08;VAL;01_PARAMETRIZACION_DE_LA_ENTIDAD.md;FUERA_DE_ALCANCE (ADR-028);exigía un documento externo (manual de políticas);
VAL-01-09;VAL;01_PARAMETRIZACION_DE_LA_ENTIDAD.md;IMPLEMENTADO;validaciones/val-01.ts;configuracion.test.ts
VAL-01-10;VAL;01_PARAMETRIZACION_DE_LA_ENTIDAD.md;IMPLEMENTADO;validaciones/val-01.ts;configuracion.test.ts
VAL-02-01;VAL;02_INVENTARIO_FISICO_Y_PLAQUETEO.md,ANEXO_B_DICCIONARIO_DE_DATOS.md;IMPLEMENTADO;ux_bien_codigo + claveUnica del importador PL-03;importarInventario.test.ts
VAL-02-02;VAL;02_INVENTARIO_FISICO_Y_PLAQUETEO.md;IMPLEMENTADO;ux_bien_placa + comprobación de placa en importarPl03;importarInventario.test.ts
VAL-02-03;VAL;02_INVENTARIO_FISICO_Y_PLAQUETEO.md;IMPLEMENTADO;importarPl03 resuelve clase, sede y servicio contra el catálogo;importarInventario.test.ts
VAL-02-04;VAL;02_INVENTARIO_FISICO_Y_PLAQUETEO.md,ANEXO_B_DICCIONARIO_DE_DATOS.md;IMPLEMENTADO;columnas obligatorias por catálogo en plantillaPl03;importarInventario.test.ts
VAL-02-05;VAL;02_INVENTARIO_FISICO_Y_PLAQUETEO.md;FUERA_DE_ALCANCE (ADR-028);el motor de validaciones se limita a la configuración (ADR-028);
VAL-02-06;VAL;02_INVENTARIO_FISICO_Y_PLAQUETEO.md;FUERA_DE_ALCANCE (ADR-028);el motor de validaciones se limita a la configuración (ADR-028);
VAL-02-07;VAL;02_INVENTARIO_FISICO_Y_PLAQUETEO.md;IMPLEMENTADO;importarPl03: serie repetida es ADVERTENCIA (RN-02-05);importarInventario.test.ts
VAL-02-08;VAL;02_INVENTARIO_FISICO_Y_PLAQUETEO.md;FUERA_DE_ALCANCE (ADR-028);el motor de validaciones se limita a la configuración (ADR-028);
VAL-02-09;VAL;02_INVENTARIO_FISICO_Y_PLAQUETEO.md;FUERA_DE_ALCANCE (ADR-028);el motor de validaciones se limita a la configuración (ADR-028);
VAL-03-01;VAL;03_HOJA_DE_VIDA_DE_BIENES.md,ANEXO_B_DICCIONARIO_DE_DATOS.md;FUERA_DE_ALCANCE (ADR-028);el motor de validaciones se limita a la configuración (ADR-028);
VAL-03-02;VAL;03_HOJA_DE_VIDA_DE_BIENES.md;IMPLEMENTADO;importarPl05 rechaza la fecha futura; cada corte excluye lo adquirido después de su fecha (NO_APLICA)
VAL-03-03;VAL;03_HOJA_DE_VIDA_DE_BIENES.md;FUERA_DE_ALCANCE (ADR-028);el motor de validaciones se limita a la configuración (ADR-028);
VAL-03-04;VAL;03_HOJA_DE_VIDA_DE_BIENES.md;FUERA_DE_ALCANCE (ADR-028);el motor de validaciones se limita a la configuración (ADR-028);
VAL-03-05;VAL;03_HOJA_DE_VIDA_DE_BIENES.md;FUERA_DE_ALCANCE (ADR-028);el motor de validaciones se limita a la configuración (ADR-028);
VAL-03-06;VAL;03_HOJA_DE_VIDA_DE_BIENES.md;FUERA_DE_ALCANCE (ADR-028);el motor de validaciones se limita a la configuración (ADR-028);
VAL-03-07;VAL;03_HOJA_DE_VIDA_DE_BIENES.md;FUERA_DE_ALCANCE (ADR-028);el motor de validaciones se limita a la configuración (ADR-028);
VAL-03-08;VAL;03_HOJA_DE_VIDA_DE_BIENES.md;FUERA_DE_ALCANCE (ADR-028);el motor de validaciones se limita a la configuración (ADR-028);
VAL-04-01;VAL;04_CONCILIACION_FISICO_CONTABLE.md;FUERA_DE_ALCANCE (ADR-028);paso retirado del producto;
VAL-04-02;VAL;04_CONCILIACION_FISICO_CONTABLE.md;FUERA_DE_ALCANCE (ADR-028);paso retirado del producto;
VAL-04-03;VAL;04_CONCILIACION_FISICO_CONTABLE.md;FUERA_DE_ALCANCE (ADR-028);paso retirado del producto;
VAL-04-04;VAL;04_CONCILIACION_FISICO_CONTABLE.md;FUERA_DE_ALCANCE (ADR-028);paso retirado del producto;
VAL-04-05;VAL;04_CONCILIACION_FISICO_CONTABLE.md;FUERA_DE_ALCANCE (ADR-028);paso retirado del producto;
VAL-04-06;VAL;04_CONCILIACION_FISICO_CONTABLE.md;FUERA_DE_ALCANCE (ADR-028);paso retirado del producto;
VAL-04-07;VAL;04_CONCILIACION_FISICO_CONTABLE.md;FUERA_DE_ALCANCE (ADR-028);paso retirado del producto;
VAL-04-08;VAL;04_CONCILIACION_FISICO_CONTABLE.md;FUERA_DE_ALCANCE (ADR-028);paso retirado del producto;
VAL-04-09;VAL;04_CONCILIACION_FISICO_CONTABLE.md;FUERA_DE_ALCANCE (ADR-028);paso retirado del producto;
VAL-05-01;VAL;05_INDICE_DE_OBSOLESCENCIA.md;FUERA_DE_ALCANCE (ADR-028);el motor de validaciones se limita a la configuración (ADR-028);
VAL-05-02;VAL;05_INDICE_DE_OBSOLESCENCIA.md,README.md;FUERA_DE_ALCANCE (ADR-028);el motor de validaciones se limita a la configuración (ADR-028);
VAL-05-03;VAL;05_INDICE_DE_OBSOLESCENCIA.md;FUERA_DE_ALCANCE (ADR-028);el motor de validaciones se limita a la configuración (ADR-028);
VAL-05-04;VAL;05_INDICE_DE_OBSOLESCENCIA.md;FUERA_DE_ALCANCE (ADR-028);el motor de validaciones se limita a la configuración (ADR-028);
VAL-05-05;VAL;05_INDICE_DE_OBSOLESCENCIA.md;FUERA_DE_ALCANCE (ADR-028);el motor de validaciones se limita a la configuración (ADR-028);
VAL-05-06;VAL;05_INDICE_DE_OBSOLESCENCIA.md;FUERA_DE_ALCANCE (ADR-028);el motor de validaciones se limita a la configuración (ADR-028);
VAL-05-07;VAL;05_INDICE_DE_OBSOLESCENCIA.md;FUERA_DE_ALCANCE (ADR-028);el motor de validaciones se limita a la configuración (ADR-028);
VAL-05-08;VAL;05_INDICE_DE_OBSOLESCENCIA.md;FUERA_DE_ALCANCE (ADR-028);el motor de validaciones se limita a la configuración (ADR-028);
VAL-05-09;VAL;05_INDICE_DE_OBSOLESCENCIA.md;FUERA_DE_ALCANCE (ADR-028);el motor de validaciones se limita a la configuración (ADR-028);
VAL-06-01;VAL;01_PARAMETRIZACION_DE_LA_ENTIDAD.md,06_DEPRECIACION_Y_DETERIORO.md,ANEXO_B_DICCIONARIO_DE_DATOS.md;FUERA_DE_ALCANCE (ADR-028);el motor de validaciones se limita a la configuración (ADR-028);
VAL-06-02;VAL;06_DEPRECIACION_Y_DETERIORO.md;FUERA_DE_ALCANCE (ADR-028);el motor de validaciones se limita a la configuración (ADR-028);
VAL-06-03;VAL;06_DEPRECIACION_Y_DETERIORO.md;IMPLEMENTADO;CHECK chk_dep_tope + tope en motor/depreciacion;integridad.test.ts
VAL-06-04;VAL;06_DEPRECIACION_Y_DETERIORO.md;IMPLEMENTADO;CHECK chk_dep_saldo;
VAL-06-05;VAL;06_DEPRECIACION_Y_DETERIORO.md;FUERA_DE_ALCANCE (ADR-028);el motor de validaciones se limita a la configuración (ADR-028);
VAL-06-06;VAL;06_DEPRECIACION_Y_DETERIORO.md;FUERA_DE_ALCANCE (ADR-028);el motor de validaciones se limita a la configuración (ADR-028);
VAL-06-07;VAL;06_DEPRECIACION_Y_DETERIORO.md;NO_IMPLEMENTADO;requiere la depreciación de libros del paso 04 (conciliación), que es extensión de ADR-026;
VAL-06-08;VAL;06_DEPRECIACION_Y_DETERIORO.md;FUERA_DE_ALCANCE (ADR-028);el motor de validaciones se limita a la configuración (ADR-028);
VAL-06-09;VAL;06_DEPRECIACION_Y_DETERIORO.md;FUERA_DE_ALCANCE (ADR-028);el motor de validaciones se limita a la configuración (ADR-028);
VAL-06-10;VAL;06_DEPRECIACION_Y_DETERIORO.md;FUERA_DE_ALCANCE (ADR-028);el motor de validaciones se limita a la configuración (ADR-028);
VAL-07-01;VAL;07_VALUACION_TECNICA_DE_MUEBLES.md;FUERA_DE_ALCANCE (ADR-028);paso retirado del producto;
VAL-07-02;VAL;07_VALUACION_TECNICA_DE_MUEBLES.md;FUERA_DE_ALCANCE (ADR-028);paso retirado del producto;
VAL-07-03;VAL;07_VALUACION_TECNICA_DE_MUEBLES.md;FUERA_DE_ALCANCE (ADR-028);paso retirado del producto;
VAL-07-04;VAL;07_VALUACION_TECNICA_DE_MUEBLES.md;FUERA_DE_ALCANCE (ADR-028);paso retirado del producto;
VAL-07-05;VAL;07_VALUACION_TECNICA_DE_MUEBLES.md;FUERA_DE_ALCANCE (ADR-028);paso retirado del producto;
VAL-07-06;VAL;07_VALUACION_TECNICA_DE_MUEBLES.md;FUERA_DE_ALCANCE (ADR-028);paso retirado del producto;
VAL-07-07;VAL;07_VALUACION_TECNICA_DE_MUEBLES.md;FUERA_DE_ALCANCE (ADR-028);paso retirado del producto;
VAL-07-08;VAL;07_VALUACION_TECNICA_DE_MUEBLES.md;FUERA_DE_ALCANCE (ADR-028);paso retirado del producto;
VAL-07-09;VAL;07_VALUACION_TECNICA_DE_MUEBLES.md;FUERA_DE_ALCANCE (ADR-028);paso retirado del producto;
VAL-07-10;VAL;07_VALUACION_TECNICA_DE_MUEBLES.md;FUERA_DE_ALCANCE (ADR-028);paso retirado del producto;
VAL-08-01;VAL;08_VALUACION_DE_INMUEBLES.md;FUERA_DE_ALCANCE (ADR-028);paso retirado del producto;
VAL-08-02;VAL;08_VALUACION_DE_INMUEBLES.md;FUERA_DE_ALCANCE (ADR-028);paso retirado del producto;
VAL-08-03;VAL;08_VALUACION_DE_INMUEBLES.md;FUERA_DE_ALCANCE (ADR-028);paso retirado del producto;
VAL-08-04;VAL;08_VALUACION_DE_INMUEBLES.md;FUERA_DE_ALCANCE (ADR-028);paso retirado del producto;
VAL-08-05;VAL;08_VALUACION_DE_INMUEBLES.md;FUERA_DE_ALCANCE (ADR-028);paso retirado del producto;
VAL-08-06;VAL;08_VALUACION_DE_INMUEBLES.md;FUERA_DE_ALCANCE (ADR-028);paso retirado del producto;
VAL-08-07;VAL;08_VALUACION_DE_INMUEBLES.md;FUERA_DE_ALCANCE (ADR-028);paso retirado del producto;
VAL-08-08;VAL;08_VALUACION_DE_INMUEBLES.md;FUERA_DE_ALCANCE (ADR-028);paso retirado del producto;
VAL-08-09;VAL;08_VALUACION_DE_INMUEBLES.md;FUERA_DE_ALCANCE (ADR-028);paso retirado del producto;
VAL-08-10;VAL;08_VALUACION_DE_INMUEBLES.md;FUERA_DE_ALCANCE (ADR-028);paso retirado del producto;
VAL-08-11;VAL;08_VALUACION_DE_INMUEBLES.md;FUERA_DE_ALCANCE (ADR-028);paso retirado del producto;
VAL-09-01;VAL;09_BAJA_DE_BIENES.md;FUERA_DE_ALCANCE (ADR-028);el motor de validaciones se limita a la configuración (ADR-028);
VAL-09-02;VAL;09_BAJA_DE_BIENES.md;IMPLEMENTADO;baja:registrar rechaza la justificación genérica (RN-09-06);bajas.test.ts
VAL-09-03;VAL;09_BAJA_DE_BIENES.md;FUERA_DE_ALCANCE (ADR-028);el motor de validaciones se limita a la configuración (ADR-028);
VAL-09-04;VAL;09_BAJA_DE_BIENES.md;FUERA_DE_ALCANCE (ADR-028);el motor de validaciones se limita a la configuración (ADR-028);
VAL-09-05;VAL;09_BAJA_DE_BIENES.md;FUERA_DE_ALCANCE (ADR-028);el motor de validaciones se limita a la configuración (ADR-028);
VAL-09-06;VAL;09_BAJA_DE_BIENES.md;FUERA_DE_ALCANCE (ADR-028);el motor de validaciones se limita a la configuración (ADR-028);
VAL-09-07;VAL;09_BAJA_DE_BIENES.md;FUERA_DE_ALCANCE (ADR-028);el motor de validaciones se limita a la configuración (ADR-028);
VAL-09-08;VAL;09_BAJA_DE_BIENES.md;FUERA_DE_ALCANCE (ADR-028);el motor de validaciones se limita a la configuración (ADR-028);
VAL-09-09;VAL;09_BAJA_DE_BIENES.md;FUERA_DE_ALCANCE (ADR-028);el motor de validaciones se limita a la configuración (ADR-028);
VAL-09-10;VAL;09_BAJA_DE_BIENES.md;FUERA_DE_ALCANCE (ADR-028);el motor de validaciones se limita a la configuración (ADR-028);
VAL-09-11;VAL;09_BAJA_DE_BIENES.md;FUERA_DE_ALCANCE (ADR-028);el motor de validaciones se limita a la configuración (ADR-028);
VAL-09-12;VAL;09_BAJA_DE_BIENES.md;FUERA_DE_ALCANCE (ADR-028);el motor de validaciones se limita a la configuración (ADR-028);
VAL-10-01;VAL;10_CONSOLIDACION_Y_ACTOS_ADMINISTRATIVOS.md;FUERA_DE_ALCANCE (ADR-028);paso retirado del producto;
VAL-10-02;VAL;10_CONSOLIDACION_Y_ACTOS_ADMINISTRATIVOS.md;FUERA_DE_ALCANCE (ADR-028);paso retirado del producto;
VAL-10-03;VAL;10_CONSOLIDACION_Y_ACTOS_ADMINISTRATIVOS.md;FUERA_DE_ALCANCE (ADR-028);paso retirado del producto;
VAL-10-04;VAL;10_CONSOLIDACION_Y_ACTOS_ADMINISTRATIVOS.md;FUERA_DE_ALCANCE (ADR-028);paso retirado del producto;
VAL-10-05;VAL;10_CONSOLIDACION_Y_ACTOS_ADMINISTRATIVOS.md;FUERA_DE_ALCANCE (ADR-028);paso retirado del producto;
VAL-10-06;VAL;10_CONSOLIDACION_Y_ACTOS_ADMINISTRATIVOS.md;FUERA_DE_ALCANCE (ADR-028);paso retirado del producto;
VAL-10-07;VAL;10_CONSOLIDACION_Y_ACTOS_ADMINISTRATIVOS.md;FUERA_DE_ALCANCE (ADR-028);paso retirado del producto;
VAL-10-08;VAL;10_CONSOLIDACION_Y_ACTOS_ADMINISTRATIVOS.md;FUERA_DE_ALCANCE (ADR-028);paso retirado del producto;
VAL-10-09;VAL;10_CONSOLIDACION_Y_ACTOS_ADMINISTRATIVOS.md;FUERA_DE_ALCANCE (ADR-028);paso retirado del producto;
VAL-10-10;VAL;10_CONSOLIDACION_Y_ACTOS_ADMINISTRATIVOS.md;FUERA_DE_ALCANCE (ADR-028);paso retirado del producto;
VAL-10-11;VAL;10_CONSOLIDACION_Y_ACTOS_ADMINISTRATIVOS.md;FUERA_DE_ALCANCE (ADR-028);paso retirado del producto;
VAL-11-01;VAL;11_ENTREGA_FINAL_Y_CIERRE.md;FUERA_DE_ALCANCE (ADR-028);paso retirado del producto;
VAL-11-02;VAL;11_ENTREGA_FINAL_Y_CIERRE.md;FUERA_DE_ALCANCE (ADR-028);paso retirado del producto;
VAL-11-03;VAL;11_ENTREGA_FINAL_Y_CIERRE.md;FUERA_DE_ALCANCE (ADR-028);paso retirado del producto;
VAL-11-04;VAL;11_ENTREGA_FINAL_Y_CIERRE.md;FUERA_DE_ALCANCE (ADR-028);paso retirado del producto;
VAL-11-05;VAL;11_ENTREGA_FINAL_Y_CIERRE.md;FUERA_DE_ALCANCE (ADR-028);paso retirado del producto;
VAL-11-06;VAL;11_ENTREGA_FINAL_Y_CIERRE.md;FUERA_DE_ALCANCE (ADR-028);paso retirado del producto;
VAL-11-07;VAL;11_ENTREGA_FINAL_Y_CIERRE.md;FUERA_DE_ALCANCE (ADR-028);paso retirado del producto;
VAL-11-08;VAL;11_ENTREGA_FINAL_Y_CIERRE.md;FUERA_DE_ALCANCE (ADR-028);paso retirado del producto;
VAL-11-09;VAL;11_ENTREGA_FINAL_Y_CIERRE.md;FUERA_DE_ALCANCE (ADR-028);paso retirado del producto;
